<odoo>
    <data>
        <record id="demo_trailer_type0" model="trailer.type">
            <field name="name">لوبد</field>
        </record>
        <record id="demo_trailer_type1" model="trailer.type">
            <field name="name">سطحة عادي</field>
        </record>
        <record id="demo_trailer_type2" model="trailer.type">
            <field name="name">سطحة جوانب</field>
        </record>
        <record id="demo_trailer_type3" model="trailer.type">
            <field name="name">ستارة</field>
        </record>
        <record id="demo_trailer_type4" model="trailer.type">
            <field name="name">كارير</field>
        </record>
        <record id="demo_trailer_type5" model="trailer.type">
            <field name="name">ثلاجة</field>
        </record>
        <record id="demo_trailer_type6" model="trailer.type">
            <field name="name">كونتينر</field>
        </record>
    </data>
</odoo>