id,name,model_id:id,group_id:id,perm_read,perm_write,perm_create,perm_unlink
access_transport_transport,transport.transport,model_transport_transport,group_transport,1,1,1,1
access_transport_line,transport.line,model_transport_line,group_transport,1,1,1,1
access_transport_crane,transport_crane,model_transport_crane,group_transport,1,1,1,1
access_transport_location,transport.location,model_transport_location,group_transport,1,1,1,1
access_transport_expense_line,transport.expense.line,model_transport_expense_line,group_transport,1,1,1,1
access_trailer_type,trailer.type,model_trailer_type,group_transport,1,1,1,1
access_fleet_location,fleet.location,model_fleet_location,group_transport,1,0,1,0
