<?xml version="1.0" encoding="UTF-8"?>
<odoo>
    <data noupdate="0">
        <record model="ir.module.category" id="module_category_transport">
            <field name="name">Transportation</field>
            <field name="description">Helps you manage your transport processes such as expense trip,
                customers invoice, etc...
            </field>
            <field name="sequence">10</field>
        </record>

        <record id="group_transport" model="res.groups">
            <field name="name">Transport Groups</field>
            <field name="category_id" ref="module_category_transport"/>
        </record>
        <record id="group_transport_manager" model="res.groups">
            <field name="name">Transport Manager</field>
            <field name="implied_ids" eval="[(4, ref('group_transport'))]"/>
            <field name="category_id" ref="module_category_transport"/>
        </record>
        <record id="group_financial_manager" model="res.groups">
            <field name="name">Financial Manager</field>
            <field name="implied_ids" eval="[(4, ref('group_transport'))]"/>
            <field name="category_id" ref="module_category_transport"/>
        </record>
        <record id="group_general_manager" model="res.groups">
            <field name="name">General Manager</field>
            <field name="implied_ids" eval="[(4, ref('group_transport'))]"/>
            <field name="category_id" ref="module_category_transport"/>
        </record>
    </data>
    <data noupdate="1">
        <!-- Multi - Company Rules -->
        <record model="ir.rule" id="transport_multi_com_rule">
            <field name="name">Transport multi-company</field>
            <field name="model_id" ref="model_transport_transport"/>
            <field name="global" eval="True"/>
            <field name="domain_force">[('company_id', 'in', company_ids)]</field>
        </record>
    </data>
</odoo>