<odoo>
    <data>
        <record id="sequence_transport" model="ir.sequence">
            <field name="name">Transport sequence</field>
            <field name="code">transport.transport</field>
            <field name="prefix">TRA/%(range_year)s/</field>
            <field eval="1" name="number_next"/>
            <field eval="1" name="number_increment"/>
            <field eval="True" name="use_date_range"/>
            <field eval="False" name="company_id"/>
            <field name="padding">4</field>
        </record>
    </data>
</odoo>